{
  "age": [
     38.768304668304665,
     13.849191794073368
  ],
  "fnlwgt": [
     189433.38255528256,
     105717.74891525973
  ],
  "education-num": [
     10.073095823095823,
     2.5675111525902565
  ],
  "capital-gain": [
     1081.9715601965602,
     7584.164159817559
  ],
  "capital-loss": [
     87.9046683046683,
     403.1170778642698
  ],
  "hours-per-week": [
     40.392260442260444,
     12.479715157975788
  ]
}