{"0": 1.690186772288046, "1": 2.459529961244162}