{"0": 2.176563702319446, "1": 4.844678248103744, "2": 7.56367942547177, "3": 4.995761215118333}