{"userid": [1597160.3832756132, 343980.8613855716], "age": [37.21948051948052, 22.558626072685474], "tenure": [537.1396103896104, 457.32231812445315], "friend_count": [196.31321789321788, 385.5175500180532], "friendships_initiated": [107.52919191919192, 189.13835752333267], "likes": [156.67699855699857, 583.574409146372], "likes_received": [143.52914862914864, 1417.897866289208], "mobile_likes": [106.03365079365079, 452.02759902589014], "www_likes": [50.643290043290044, 294.016525432299]}