{"id": [1443.5591882750846, 798.2985676385472], "age": [36.82061735585323, 13.186150424665742]}