{"0": 50.455737704918036, "1": 59.64728682170543, "2": 223.02898550724638, "3": 125.11382113821138, "4": 1.9342634489693313, "5": 2.5876912729107113, "6": 54.76512455516014, "7": 34.19777777777778}