{"0": 1.862849533954727, "1": 2.4800966962127315, "2": 43.96857142857143, "3": 26.856893542757415}