{"zfygpa": [0.08300669309246864, 0.9074328064240329], "zgpa": [0.010622522581064397, 0.9530483986032202], "DOB_yr": [65.3059328091494, 6.013932292417868], "cluster_tier": [3.765871726557931, 1.1803630003107202], "family_income": [3.4636428617843915, 0.8590906027364131], "lsat": [36.81601143674054, 5.4311830990918315], "ugpa": [3.2195789200077978, 0.4026984356990889], "weighted_lsat_ugpa": [745.3685805488856, 103.07184388023016]}